{
    "models": [
        "LSTM",
        "GRU",
        "ConvLSTM",
        "RNN"
    ],
    "RMSE": [
        39.28613179326874,
        22.44312611104532,
        26.2541253861035,
        29.640517927877987
    ],
    "R2": [
        0.9908989649482914,
        0.9970298461334632,
        0.9959354978406622,
        0.994819355106114
    ]
}