{
    "models": [
        "XGBoost",
        "BayesianRidge",
        "SVM"
    ],
    "RMSE": [
        127.40792134175166,
        21.955723130350304,
        1311.0335088766356
    ],
    "R2": [
        0.9042794668185066,
        0.9971574524413771,
        -9.135375250424241
    ]
}