{
    "models": [
        "ARIMA",
        "EWM"
    ],
    "R2": [
        -3.811473165841454,
        0.8157335835732201
    ],
    "RMSE": [
        875.8396930704871,
        172.5898224796284
    ]
}